vaiable,corr
N225_CLOSE,0.9516462542749625
bIXNRNZ,0.8967880233192309
bIXMLWRLD,0.8889377846662376
NKY_CAPITAL,0.8866231141937726
bIXNRJPTP,0.8745395643545787
bIXMLACWF,0.8711624161525844
bIXMLEROP,0.8629610632873483
arKOFXJPDD,0.8591099136453171
bIXMLAAPF,0.8535677779919019
bIXMLPACF,0.8475412077316009
bIXMLEURO,0.8463212332748681
SPX_PER,0.8222649396983324
aEUCIHPHF,0.8081438546346952
aJPBSTKFNM,0.8020617980601782
aGLREIDE,0.7940935158261163
bIXMSW40R2,0.7773455674089802
SPX_CLOSE,0.7746636036784734
aJPBSTKANML,0.7713803382114616
bIXMLNAMR,0.769604789500124
aEUCIHPNW,0.7678031154566701
aJPBSTKANM,0.7669220582293015
FCHI_CLOSE,0.7655871874518979
aJPBSTKF,0.7560993655927847
SPX_CAPITAL,0.754951048249849
aEUCIHPHF_YoY,0.7501033156802442
bIXNRUK,0.7497474761943126
bIXNRAU,0.7469127319652974
aJPBSTKA,0.7454879565187258
DAX_PER,0.7228360478284604
GDAXI_CLOSE,0.7196122235697754
bIXNRUSDW,0.7194484682539536
arKOFXEURD,-0.8003450802820848
arKOFXJPYD,-0.844793698679761
