vaiable,corr
SHCOMP_PER,0.7820265323811967
SSEC_CLOSE,0.7770050310202596
VNI_CLOSE,0.7342568491614864
KOSPI_PER,0.6690412570464068
bIXNRAU,0.5740265024563663
bIXMSEM40R2,0.564706784091554
aGLRMLED3M_YoY,0.5475918897416396
bIXMLAAPF,0.5325588349947002
aGLOCL6IDN,0.5285728797546828
FCHI_CLOSE,0.525835931991691
aEUCIHPHF,0.5249656558547002
aGLREIME,0.5245900423304042
SHCOMP_CAPITAL,0.5204294279141499
DAX_CAPITAL,0.502539385448648
bIXMLEROP,0.5008178312274082
