vaiable,corr
SPX_CLOSE,0.98920361584397
bIXMLNAMR,0.9882822127674257
bIXNRUSDW,0.9825698033606302
SPX_CAPITAL,0.9750135470077348
GDAXI_CLOSE,0.9584910028690519
bIXMLWRLD,0.9288759567044862
bIXMLACWF,0.9283147312168041
bIXNRSA,0.9275481300570487
aaUSCISNMP,0.9272811830386788
SPX_EPS,0.9181238965275959
aUSCBCO2,0.9020569078095333
bIXNRPH,0.8948636723935526
aEUCIHPNW,0.8904872627495025
aUSCBCO,0.8854719766771311
aUSCBCO4,0.8832748371325952
bIXNRAG,0.8761506577612557
aUSCINAHBMI,0.8735927846920274
aGLRMPPRDRI,0.8711267826863819
BSE_CLOSE,0.8658758087612498
bIXNRTH,0.85600881575432
bIXNRUK,0.850796959201584
aGLREIDE,0.8485707377444245
aUSCBCO1,0.8116462476589141
aUSCBLD8,0.8082967988696171
aUSCBLD1,0.8033680023358952
bIXNRTK,0.7985240720529803
bIXNRMX,0.7888178308294772
bIXNRCN,0.7859728734629317
bIXNRID,0.7853479261579213
SPX_PER,0.7719794092560485
bIXNRMY,0.7675344768385016
aGLFULC1,0.7586302395809409
ahUSCSUMS,0.7537498630725862
N225_CLOSE,0.7475389582056973
bIXNRNZ,0.7474801161475808
arKOFXINDD,0.7469916402719653
VNI_VOLUME,0.7465916285450843
NKY_EPS,0.7430855216959493
KOSPI_CAPITAL,0.7348401442607484
aEUCIHPHF,0.7332478980100664
aUSCBCO3,0.7325623112763247
bIXNRTW,0.730955481785917
aUSIRMBAA1020D,-0.7488304111697344
aUSCBLD2,-0.8149752517848928
aqUSLWICUIC,-0.831276563085919
