vaiable,corr
SPX_CAPITAL,0.9989878375613566
SPX_CLOSE,0.9657395418915979
bIXMLNAMR,0.9632566476437417
bIXNRUSDW,0.9591752844416302
GDAXI_CLOSE,0.92881924580369
bIXNRSA,0.9191094035212137
aaUSCISNMP,0.9164542717813862
SPX_EPS,0.9142607409555634
bIXNRPH,0.9020041488661416
bIXMLWRLD,0.887978056422864
bIXMLACWF,0.8860543686292666
aUSCINAHBMI,0.8813698468310578
aGLRMPPRDRI,0.8813654092344991
aUSCBCO2,0.8796985737806476
bIXNRAG,0.8634510261080967
bIXNRTH,0.8607459347494143
aEUCIHPNW,0.8530506112262849
BSE_CLOSE,0.8486445436419278
aUSCBCO,0.8426734532253968
aUSCBCO4,0.8375331214167687
bIXNRUK,0.8174319047177475
aUSCBLD8,0.8165137306741432
SPX_PER,0.8153334370923631
aGLREIDE,0.8151384802459356
bIXNRTK,0.8039282159443233
bIXNRID,0.7888596551887184
bIXNRMX,0.7876032068232928
aUSCBLD1,0.7851720399979474
aGLFULC1,0.7827299704744636
KOSPI_CAPITAL,0.7813146403108828
bIXNRMY,0.780324005674474
aUSCBCO1,0.7607558680749449
ahUSCSUMS,0.7574384053660661
VNI_VOLUME,0.7427402175639436
arKOFXINDD,0.7356477610564308
bIXNRCN,0.7220022018466494
NKY_EPS,0.7066015605288068
bIXNRNZ,0.7065621210885212
N225_CLOSE,0.701900285825642
aEUCIHPHF_YoY,0.7006967570828093
aUSIRMBAA1020D,-0.7724258326756934
aUSCBLD2,-0.776340279690433
aqUSLWICUIC,-0.8042159535377601
