vaiable,corr
SHCOMP_PER,0.7820265323811967
SSEC_CLOSE,0.7770050310202596
VNI_CLOSE,0.7342568491614864
