vaiable,corr
SSEC_CLOSE,0.8709672989786948
VNI_CLOSE,0.7132804998992908
SHCOMP_PER,0.7110194624725292
