vaiable,corr
N225_CLOSE,0.9786915745592737
bIXNRNZ,0.9103455165906952
bIXNRJPTP,0.9089553232160379
bIXMLWRLD,0.9035368911417526
bIXMLEROP,0.8910404092745932
bIXMLAAPF,0.889270705996766
arKOFXJPDD,0.8877182013591028
bIXMLACWF,0.8864845086638227
bIXMLPACF,0.884240129710346
bIXMLEURO,0.8755264354260446
NKY_CAPITAL,0.8552094042817593
aEUCIHPHF,0.8289888687484565
FCHI_CLOSE,0.8050576931757486
aJPBSTKFNM,0.8022478525128284
aGLREIDE,0.7990988457097778
bIXMSW40R2,0.7930994375391905
aJPBSTKANML,0.7833139588660437
SPX_PER,0.7808350195985155
bIXNRAU,0.7795633315992306
aEUCIHPNW,0.7790063223776619
SPX_CLOSE,0.7763612387457878
bIXMLNAMR,0.7721189307579717
aJPBSTKANM,0.7670295149359054
aJPBSTKF,0.7637888265777497
bIXNRUK,0.7563834547544479
aJPBSTKA,0.7535651265722759
aEUCIHPHF_YoY,0.7439059176827734
GDAXI_CLOSE,0.7295505834370585
SPX_CAPITAL,0.7271877485266719
bIXNRUSDW,0.7216849947359761
arKOFXEURD,-0.8048299591524491
arKOFXJPYD,-0.870169972616303
