vaiable,corr
N225_CLOSE,0.9786915745592737
bIXNRNZ,0.9103455165906952
bIXNRJPTP,0.9089553232160379
bIXMLWRLD,0.9035368911417526
bIXMLEROP,0.8910404092745932
bIXMLAAPF,0.889270705996766
arKOFXJPDD,0.8877182013591028
bIXMLACWF,0.8864845086638227
bIXMLPACF,0.884240129710346
bIXMLEURO,0.8755264354260446
NKY_CAPITAL,0.8552094042817593
aEUCIHPHF,0.8289888687484565
FCHI_CLOSE,0.8050576931757486
aJPBSTKFNM,0.8022478525128284
aGLREIDE,0.7990988457097778
bIXMSW40R2,0.7930994375391905
aJPBSTKANML,0.7833139588660437
SPX_PER,0.7808350195985155
bIXNRAU,0.7795633315992306
aEUCIHPNW,0.7790063223776619
SPX_CLOSE,0.7763612387457878
bIXMLNAMR,0.7721189307579717
aJPBSTKANM,0.7670295149359054
aJPBSTKF,0.7637888265777497
bIXNRUK,0.7563834547544479
aJPBSTKA,0.7535651265722759
aEUCIHPHF_YoY,0.7439059176827734
GDAXI_CLOSE,0.7295505834370585
SPX_CAPITAL,0.7271877485266719
bIXNRUSDW,0.7216849947359761
aJPBSTKAMS,0.6956900609949347
afUSFXMCN,0.6872203478654175
aJPCBCO,0.6863789709538732
afUSFXMCRR,0.6857628152293791
aJPBSTKFM,0.6784239273211764
aJPBSTKAM,0.6765925329855785
DAX_PER,0.6677232740484931
DAX_CAPITAL,0.6627774995519676
bIXNRCN,0.6526948760210493
aGLRMPPRDRI,0.6514902732827761
bIXNRAG,0.619266267904262
afUSFXBRI,0.6090944233285703
aEUCIHPNW_YoY,0.6008669649015482
afJPPRCNT,0.5944842639268151
aJPCBLG,0.5935922039753726
NKY_EPS,0.5778525732831764
VNI_CLOSE,0.5749444206261424
arKOFXCNDD,0.5728828502513923
aGLREIMW,0.5678657397284624
arKOFXINDD,0.5650883033333827
afUSFXBRIR,0.5621615166150443
SPX_EPS,0.5617347322908693
aGLREIMA,0.5604626263925123
aJPCBLD,0.5583414563666451
aCHCIHPSZ,0.5528851800128282
bIXNRSA,0.5407217182828283
aJPCS,0.539333863113723
bIXNRTW,0.5377721453647463
aGLREIME,0.5368488310069934
aaJPMBM1,0.5324492786617268
BSE_CLOSE,0.5009892797595983
afUSFXOTN,0.5003925920958826
arKOFXDAUD,-0.5069816618677438
aGLFUSI1,-0.5079674207600742
arKOFXDERD,-0.5081553346214739
aGLRMCRBGRNI,-0.5235632225409281
aGLRMRR1,-0.5251576993496236
aGLRMCRBPRMI,-0.5309276934805208
aGLFUC1,-0.5388311844408279
aGLFUSB1,-0.5464272665280162
arKOFXEURD,-0.8048299591524491
arKOFXJPYD,-0.870169972616303
