vaiable,corr
SPX_CAPITAL,0.9876413535755421
SPX_CLOSE,0.9765416565702195
bIXMLNAMR,0.97499013749651
bIXNRUSDW,0.969372674922734
GDAXI_CLOSE,0.9407494670501355
bIXNRSA,0.9245774452868107
aaUSCISNMP,0.9229382732413024
SPX_EPS,0.9193920511932069
bIXMLWRLD,0.9071546907734886
bIXMLACWF,0.9060515423223121
bIXNRPH,0.8991045499634389
aUSCBCO2,0.8910602036931192
aGLRMPPRDRI,0.8794906450577784
aUSCINAHBMI,0.8785814425037438
aEUCIHPNW,0.8732990858965796
bIXNRAG,0.8690917561494943
aUSCBCO,0.8648161287369639
aUSCBCO4,0.8619100593063654
bIXNRTH,0.8584979615356523
BSE_CLOSE,0.8559239425705738
bIXNRUK,0.8338833345658729
aGLREIDE,0.8307469005703472
aUSCBLD8,0.812591235579523
bIXNRTK,0.8008054313660125
aUSCBLD1,0.7937518760104522
SPX_PER,0.7907737148944902
bIXNRMX,0.7899808947300351
bIXNRID,0.7878288322606543
aUSCBCO1,0.7866259592572035
bIXNRMY,0.7738415243127781
aGLFULC1,0.7691862492555998
KOSPI_CAPITAL,0.7579869650315568
bIXNRCN,0.7567189735532543
ahUSCSUMS,0.7526659792318113
arKOFXINDD,0.742196215953447
VNI_VOLUME,0.7419610922172165
NKY_EPS,0.727374083330731
bIXNRNZ,0.7262032421141317
N225_CLOSE,0.7217549330993924
bIXNRTW,0.7145518065658866
aUSCBCO3,0.7103986467510418
aEUCIHPHF,0.7080244400343008
aUSIRMBAA1020D,-0.7617462043596964
aUSCBLD2,-0.7995063766732498
aqUSLWICUIC,-0.8173285057954043
