vaiable,corr
N225_CLOSE,0.9516462542749625
bIXNRNZ,0.8967880233192309
bIXMLWRLD,0.8889377846662376
NKY_CAPITAL,0.8866231141937726
bIXNRJPTP,0.8745395643545787
bIXMLACWF,0.8711624161525844
bIXMLEROP,0.8629610632873483
arKOFXJPDD,0.8591099136453171
bIXMLAAPF,0.8535677779919019
bIXMLPACF,0.8475412077316009
bIXMLEURO,0.8463212332748681
SPX_PER,0.8222649396983324
aEUCIHPHF,0.8081438546346952
aJPBSTKFNM,0.8020617980601782
aGLREIDE,0.7940935158261163
bIXMSW40R2,0.7773455674089802
SPX_CLOSE,0.7746636036784734
aJPBSTKANML,0.7713803382114616
bIXMLNAMR,0.769604789500124
aEUCIHPNW,0.7678031154566701
aJPBSTKANM,0.7669220582293015
FCHI_CLOSE,0.7655871874518979
aJPBSTKF,0.7560993655927847
SPX_CAPITAL,0.754951048249849
aEUCIHPHF_YoY,0.7501033156802442
bIXNRUK,0.7497474761943126
bIXNRAU,0.7469127319652974
aJPBSTKA,0.7454879565187258
DAX_PER,0.7228360478284604
GDAXI_CLOSE,0.7196122235697754
bIXNRUSDW,0.7194484682539536
afUSFXMCRR,0.6873519224696075
afUSFXMCN,0.6872368801183604
DAX_CAPITAL,0.6839923107098453
aJPBSTKAMS,0.6814108547901041
aGLRMPPRDRI,0.6790839286912967
aJPCBCO,0.6640891250734334
aJPBSTKFM,0.663527130783411
aJPBSTKAM,0.6603616770107885
bIXNRCN,0.6284710197031451
bIXNRAG,0.6215098245311022
afUSFXBRI,0.6133592750792685
aEUCIHPNW_YoY,0.608533307560743
arKOFXCNDD,0.5732691757089055
SPX_EPS,0.5730772510216122
arKOFXINDD,0.5715785879431194
afJPPRCNT,0.5651270336455992
aJPCBLG,0.5622324798964294
aGLREIMW,0.5619299320418564
aGLREIMA,0.5546760392021719
NKY_EPS,0.5543278617753636
afUSFXBRIR,0.5521678764207669
bIXNRSA,0.5502678657553808
aaJPMBM1,0.5446522628289829
aJPCS,0.5424252341826651
aJPCBLD,0.5413355617107689
VNI_CLOSE,0.5354897501555823
aGLREIME,0.5327086509841955
aCHCIHPSZ,0.5303676980957845
bIXNRTW,0.5256377526753506
arKOFXJPDD_YoY,0.5154805609346197
afUSFXOTN,0.5071524047605652
BSE_CLOSE,0.5035017724704349
aGLRMCRBPRMI,-0.5046948105507327
aGLRMCRBGRNI,-0.5195576052135114
arKOFXDERD,-0.5200917913488393
aGLFUC1,-0.5271135105019908
aGLRMRR1,-0.528814221146217
aGLFUSB1,-0.5320626998244469
arKOFXEURD,-0.8003450802820848
arKOFXJPYD,-0.844793698679761
